{
  "test/integration/todo_mvc_test.rb": 4.046631574630737,
  "test/integration/other_test.rb": 2.570735454559326
}